"source","Description","GO_ID","type","Entry","Protein","Gene"
"bioprocess","amyloid-beta metabolic process ","GO:0050435","biological process","A0A2I2UTZ7","Angiotensin-converting enzyme (EC 3.4.-.-)","ACE"
"bioprocess"," angiotensin maturation ","GO:0002003","biological process","A0A2I2UTZ7","Angiotensin-converting enzyme (EC 3.4.-.-)","ACE"
"bioprocess"," angiotensin-activated signaling pathway ","GO:0038166","biological process","A0A2I2UTZ7","Angiotensin-converting enzyme (EC 3.4.-.-)","ACE"
"bioprocess"," arachidonic acid secretion ","GO:0050482","biological process","A0A2I2UTZ7","Angiotensin-converting enzyme (EC 3.4.-.-)","ACE"
"bioprocess"," bradykinin catabolic process ","GO:0010815","biological process","A0A2I2UTZ7","Angiotensin-converting enzyme (EC 3.4.-.-)","ACE"
"bioprocess"," cell proliferation in bone marrow ","GO:0071838","biological process","A0A2I2UTZ7","Angiotensin-converting enzyme (EC 3.4.-.-)","ACE"
"bioprocess"," heart contraction ","GO:0060047","biological process","A0A2I2UTZ7","Angiotensin-converting enzyme (EC 3.4.-.-)","ACE"
"bioprocess"," hormone catabolic process ","GO:0042447","biological process","A0A2I2UTZ7","Angiotensin-converting enzyme (EC 3.4.-.-)","ACE"
"bioprocess"," kidney development ","GO:0001822","biological process","A0A2I2UTZ7","Angiotensin-converting enzyme (EC 3.4.-.-)","ACE"
"bioprocess"," male gonad development ","GO:0008584","biological process","A0A2I2UTZ7","Angiotensin-converting enzyme (EC 3.4.-.-)","ACE"
"bioprocess"," negative regulation of gap junction assembly ","GO:1903597","biological process","A0A2I2UTZ7","Angiotensin-converting enzyme (EC 3.4.-.-)","ACE"
"bioprocess"," negative regulation of gene expression ","GO:0010629","biological process","A0A2I2UTZ7","Angiotensin-converting enzyme (EC 3.4.-.-)","ACE"
"bioprocess"," neutrophil mediated immunity ","GO:0002446","biological process","A0A2I2UTZ7","Angiotensin-converting enzyme (EC 3.4.-.-)","ACE"
"bioprocess"," positive regulation of peptidyl-cysteine S-nitrosylation ","GO:2000170","biological process","A0A2I2UTZ7","Angiotensin-converting enzyme (EC 3.4.-.-)","ACE"
"bioprocess"," positive regulation of systemic arterial blood pressure ","GO:0003084","biological process","A0A2I2UTZ7","Angiotensin-converting enzyme (EC 3.4.-.-)","ACE"
"bioprocess"," post-transcriptional regulation of gene expression ","GO:0010608","biological process","A0A2I2UTZ7","Angiotensin-converting enzyme (EC 3.4.-.-)","ACE"
"bioprocess"," regulation of angiotensin metabolic process ","GO:0060177","biological process","A0A2I2UTZ7","Angiotensin-converting enzyme (EC 3.4.-.-)","ACE"
"bioprocess"," regulation of heart rate by cardiac conduction ","GO:0086091","biological process","A0A2I2UTZ7","Angiotensin-converting enzyme (EC 3.4.-.-)","ACE"
"bioprocess"," regulation of hematopoietic stem cell proliferation ","GO:1902033","biological process","A0A2I2UTZ7","Angiotensin-converting enzyme (EC 3.4.-.-)","ACE"
"bioprocess"," regulation of synaptic plasticity ","GO:0048167","biological process","A0A2I2UTZ7","Angiotensin-converting enzyme (EC 3.4.-.-)","ACE"
"bioprocess"," regulation of systemic arterial blood pressure by renin-angiotensin ","GO:0003081","biological process","A0A2I2UTZ7","Angiotensin-converting enzyme (EC 3.4.-.-)","ACE"
"bioprocess"," spermatogenesis ","GO:0007283","biological process","A0A2I2UTZ7","Angiotensin-converting enzyme (EC 3.4.-.-)","ACE"
"bioprocess"," substance P catabolic process ","GO:0010814","biological process","A0A2I2UTZ7","Angiotensin-converting enzyme (EC 3.4.-.-)","ACE"
"cellcompartment","endosome ","GO:0005768","cellular compartment","A0A2I2UTZ7","Angiotensin-converting enzyme (EC 3.4.-.-)","ACE"
"cellcompartment"," external side of plasma membrane ","GO:0009897","cellular compartment","A0A2I2UTZ7","Angiotensin-converting enzyme (EC 3.4.-.-)","ACE"
"cellcompartment"," extracellular exosome ","GO:0070062","cellular compartment","A0A2I2UTZ7","Angiotensin-converting enzyme (EC 3.4.-.-)","ACE"
"cellcompartment"," lysosome ","GO:0005764","cellular compartment","A0A2I2UTZ7","Angiotensin-converting enzyme (EC 3.4.-.-)","ACE"
"cellcompartment"," plasma membrane ","GO:0005886","cellular compartment","A0A2I2UTZ7","Angiotensin-converting enzyme (EC 3.4.-.-)","ACE"
"molfunction","bradykinin receptor binding ","GO:0031711","molecular function","A0A2I2UTZ7","Angiotensin-converting enzyme (EC 3.4.-.-)","ACE"
"molfunction"," carboxypeptidase activity ","GO:0004180","molecular function","A0A2I2UTZ7","Angiotensin-converting enzyme (EC 3.4.-.-)","ACE"
"molfunction"," chloride ion binding ","GO:0031404","molecular function","A0A2I2UTZ7","Angiotensin-converting enzyme (EC 3.4.-.-)","ACE"
"molfunction"," metallodipeptidase activity ","GO:0070573","molecular function","A0A2I2UTZ7","Angiotensin-converting enzyme (EC 3.4.-.-)","ACE"
"molfunction"," metalloendopeptidase activity ","GO:0004222","molecular function","A0A2I2UTZ7","Angiotensin-converting enzyme (EC 3.4.-.-)","ACE"
"molfunction"," metallopeptidase activity ","GO:0008237","molecular function","A0A2I2UTZ7","Angiotensin-converting enzyme (EC 3.4.-.-)","ACE"
"molfunction"," mitogen-activated protein kinase binding ","GO:0051019","molecular function","A0A2I2UTZ7","Angiotensin-converting enzyme (EC 3.4.-.-)","ACE"
"molfunction"," mitogen-activated protein kinase kinase binding ","GO:0031434","molecular function","A0A2I2UTZ7","Angiotensin-converting enzyme (EC 3.4.-.-)","ACE"
"molfunction"," peptidyl-dipeptidase activity ","GO:0008241","molecular function","A0A2I2UTZ7","Angiotensin-converting enzyme (EC 3.4.-.-)","ACE"
"molfunction"," tripeptidyl-peptidase activity ","GO:0008240","molecular function","A0A2I2UTZ7","Angiotensin-converting enzyme (EC 3.4.-.-)","ACE"
"molfunction"," zinc ion binding ","GO:0008270","molecular function","A0A2I2UTZ7","Angiotensin-converting enzyme (EC 3.4.-.-)","ACE"
"bioprocess","aorta development ","GO:0035904","biological process","M3W5B5","LDL receptor related protein 2","LRP2"
"bioprocess"," cell population proliferation ","GO:0008283","biological process","M3W5B5","LDL receptor related protein 2","LRP2"
"bioprocess"," coronary artery morphogenesis ","GO:0060982","biological process","M3W5B5","LDL receptor related protein 2","LRP2"
"bioprocess"," diol metabolic process ","GO:0034311","biological process","M3W5B5","LDL receptor related protein 2","LRP2"
"bioprocess"," folate import across plasma membrane ","GO:1904447","biological process","M3W5B5","LDL receptor related protein 2","LRP2"
"bioprocess"," forebrain development ","GO:0030900","biological process","M3W5B5","LDL receptor related protein 2","LRP2"
"bioprocess"," kidney development ","GO:0001822","biological process","M3W5B5","LDL receptor related protein 2","LRP2"
"bioprocess"," male gonad development ","GO:0008584","biological process","M3W5B5","LDL receptor related protein 2","LRP2"
"bioprocess"," metal ion transport ","GO:0030001","biological process","M3W5B5","LDL receptor related protein 2","LRP2"
"bioprocess"," negative regulation of apoptotic process ","GO:0043066","biological process","M3W5B5","LDL receptor related protein 2","LRP2"
"bioprocess"," negative regulation of BMP signaling pathway ","GO:0030514","biological process","M3W5B5","LDL receptor related protein 2","LRP2"
"bioprocess"," neural tube closure ","GO:0001843","biological process","M3W5B5","LDL receptor related protein 2","LRP2"
"bioprocess"," neuron projection arborization ","GO:0140058","biological process","M3W5B5","LDL receptor related protein 2","LRP2"
"bioprocess"," outflow tract septum morphogenesis ","GO:0003148","biological process","M3W5B5","LDL receptor related protein 2","LRP2"
"bioprocess"," phosphatidylinositol 3-kinase/protein kinase B signal transduction ","GO:0043491","biological process","M3W5B5","LDL receptor related protein 2","LRP2"
"bioprocess"," positive regulation of oligodendrocyte progenitor proliferation ","GO:0070447","biological process","M3W5B5","LDL receptor related protein 2","LRP2"
"bioprocess"," protein transport ","GO:0015031","biological process","M3W5B5","LDL receptor related protein 2","LRP2"
"bioprocess"," pulmonary artery morphogenesis ","GO:0061156","biological process","M3W5B5","LDL receptor related protein 2","LRP2"
"bioprocess"," receptor-mediated endocytosis ","GO:0006898","biological process","M3W5B5","LDL receptor related protein 2","LRP2"
"bioprocess"," response to leptin ","GO:0044321","biological process","M3W5B5","LDL receptor related protein 2","LRP2"
"bioprocess"," secondary heart field specification ","GO:0003139","biological process","M3W5B5","LDL receptor related protein 2","LRP2"
"bioprocess"," sensory perception of sound ","GO:0007605","biological process","M3W5B5","LDL receptor related protein 2","LRP2"
"bioprocess"," vagina development ","GO:0060068","biological process","M3W5B5","LDL receptor related protein 2","LRP2"
"bioprocess"," ventricular compact myocardium morphogenesis ","GO:0003223","biological process","M3W5B5","LDL receptor related protein 2","LRP2"
"bioprocess"," ventricular septum development ","GO:0003281","biological process","M3W5B5","LDL receptor related protein 2","LRP2"
"bioprocess"," vitamin D metabolic process ","GO:0042359","biological process","M3W5B5","LDL receptor related protein 2","LRP2"
"cellcompartment","apical plasma membrane ","GO:0016324","cellular compartment","M3W5B5","LDL receptor related protein 2","LRP2"
"cellcompartment"," axon ","GO:0030424","cellular compartment","M3W5B5","LDL receptor related protein 2","LRP2"
"cellcompartment"," brush border membrane ","GO:0031526","cellular compartment","M3W5B5","LDL receptor related protein 2","LRP2"
"cellcompartment"," clathrin-coated pit ","GO:0005905","cellular compartment","M3W5B5","LDL receptor related protein 2","LRP2"
"cellcompartment"," dendrite ","GO:0030425","cellular compartment","M3W5B5","LDL receptor related protein 2","LRP2"
"cellcompartment"," endocytic vesicle ","GO:0030139","cellular compartment","M3W5B5","LDL receptor related protein 2","LRP2"
"cellcompartment"," endoplasmic reticulum ","GO:0005783","cellular compartment","M3W5B5","LDL receptor related protein 2","LRP2"
"cellcompartment"," endosome ","GO:0005768","cellular compartment","M3W5B5","LDL receptor related protein 2","LRP2"
"cellcompartment"," external side of plasma membrane ","GO:0009897","cellular compartment","M3W5B5","LDL receptor related protein 2","LRP2"
"cellcompartment"," Golgi apparatus ","GO:0005794","cellular compartment","M3W5B5","LDL receptor related protein 2","LRP2"
"cellcompartment"," plasma membrane ","GO:0005886","cellular compartment","M3W5B5","LDL receptor related protein 2","LRP2"
"cellcompartment"," receptor complex ","GO:0043235","cellular compartment","M3W5B5","LDL receptor related protein 2","LRP2"
"molfunction","calcium ion binding ","GO:0005509","molecular function","M3W5B5","LDL receptor related protein 2","LRP2"
"molfunction"," hormone binding ","GO:0042562","molecular function","M3W5B5","LDL receptor related protein 2","LRP2"
"molfunction"," protein-folding chaperone binding ","GO:0051087","molecular function","M3W5B5","LDL receptor related protein 2","LRP2"
"bioprocess","amyloid-beta clearance ","GO:0097242","biological process","A0A337SXF4","Neprilysin (EC 3.4.24.11) (Atriopeptidase) (Enkephalinase) (Neutral endopeptidase 24.11) (Skin fibroblast elastase)","MME"
"bioprocess"," amyloid-beta clearance by cellular catabolic process ","GO:0150094","biological process","A0A337SXF4","Neprilysin (EC 3.4.24.11) (Atriopeptidase) (Enkephalinase) (Neutral endopeptidase 24.11) (Skin fibroblast elastase)","MME"
"bioprocess"," amyloid-beta metabolic process ","GO:0050435","biological process","A0A337SXF4","Neprilysin (EC 3.4.24.11) (Atriopeptidase) (Enkephalinase) (Neutral endopeptidase 24.11) (Skin fibroblast elastase)","MME"
"bioprocess"," bradykinin catabolic process ","GO:0010815","biological process","A0A337SXF4","Neprilysin (EC 3.4.24.11) (Atriopeptidase) (Enkephalinase) (Neutral endopeptidase 24.11) (Skin fibroblast elastase)","MME"
"bioprocess"," cellular response to cytokine stimulus ","GO:0071345","biological process","A0A337SXF4","Neprilysin (EC 3.4.24.11) (Atriopeptidase) (Enkephalinase) (Neutral endopeptidase 24.11) (Skin fibroblast elastase)","MME"
"bioprocess"," cellular response to UV-A ","GO:0071492","biological process","A0A337SXF4","Neprilysin (EC 3.4.24.11) (Atriopeptidase) (Enkephalinase) (Neutral endopeptidase 24.11) (Skin fibroblast elastase)","MME"
"bioprocess"," cellular response to UV-B ","GO:0071493","biological process","A0A337SXF4","Neprilysin (EC 3.4.24.11) (Atriopeptidase) (Enkephalinase) (Neutral endopeptidase 24.11) (Skin fibroblast elastase)","MME"
"bioprocess"," creatinine metabolic process ","GO:0046449","biological process","A0A337SXF4","Neprilysin (EC 3.4.24.11) (Atriopeptidase) (Enkephalinase) (Neutral endopeptidase 24.11) (Skin fibroblast elastase)","MME"
"bioprocess"," hormone catabolic process ","GO:0042447","biological process","A0A337SXF4","Neprilysin (EC 3.4.24.11) (Atriopeptidase) (Enkephalinase) (Neutral endopeptidase 24.11) (Skin fibroblast elastase)","MME"
"bioprocess"," kidney development ","GO:0001822","biological process","A0A337SXF4","Neprilysin (EC 3.4.24.11) (Atriopeptidase) (Enkephalinase) (Neutral endopeptidase 24.11) (Skin fibroblast elastase)","MME"
"bioprocess"," learning or memory ","GO:0007611","biological process","A0A337SXF4","Neprilysin (EC 3.4.24.11) (Atriopeptidase) (Enkephalinase) (Neutral endopeptidase 24.11) (Skin fibroblast elastase)","MME"
"bioprocess"," neuropeptide processing ","GO:0061837","biological process","A0A337SXF4","Neprilysin (EC 3.4.24.11) (Atriopeptidase) (Enkephalinase) (Neutral endopeptidase 24.11) (Skin fibroblast elastase)","MME"
"bioprocess"," positive regulation of long-term synaptic potentiation ","GO:1900273","biological process","A0A337SXF4","Neprilysin (EC 3.4.24.11) (Atriopeptidase) (Enkephalinase) (Neutral endopeptidase 24.11) (Skin fibroblast elastase)","MME"
"bioprocess"," positive regulation of neurogenesis ","GO:0050769","biological process","A0A337SXF4","Neprilysin (EC 3.4.24.11) (Atriopeptidase) (Enkephalinase) (Neutral endopeptidase 24.11) (Skin fibroblast elastase)","MME"
"bioprocess"," protein processing ","GO:0016485","biological process","A0A337SXF4","Neprilysin (EC 3.4.24.11) (Atriopeptidase) (Enkephalinase) (Neutral endopeptidase 24.11) (Skin fibroblast elastase)","MME"
"bioprocess"," replicative senescence ","GO:0090399","biological process","A0A337SXF4","Neprilysin (EC 3.4.24.11) (Atriopeptidase) (Enkephalinase) (Neutral endopeptidase 24.11) (Skin fibroblast elastase)","MME"
"bioprocess"," sensory perception of pain ","GO:0019233","biological process","A0A337SXF4","Neprilysin (EC 3.4.24.11) (Atriopeptidase) (Enkephalinase) (Neutral endopeptidase 24.11) (Skin fibroblast elastase)","MME"
"bioprocess"," substance P catabolic process ","GO:0010814","biological process","A0A337SXF4","Neprilysin (EC 3.4.24.11) (Atriopeptidase) (Enkephalinase) (Neutral endopeptidase 24.11) (Skin fibroblast elastase)","MME"
"cellcompartment","axon ","GO:0030424","cellular compartment","A0A337SXF4","Neprilysin (EC 3.4.24.11) (Atriopeptidase) (Enkephalinase) (Neutral endopeptidase 24.11) (Skin fibroblast elastase)","MME"
"cellcompartment"," brush border ","GO:0005903","cellular compartment","A0A337SXF4","Neprilysin (EC 3.4.24.11) (Atriopeptidase) (Enkephalinase) (Neutral endopeptidase 24.11) (Skin fibroblast elastase)","MME"
"cellcompartment"," dendrite ","GO:0030425","cellular compartment","A0A337SXF4","Neprilysin (EC 3.4.24.11) (Atriopeptidase) (Enkephalinase) (Neutral endopeptidase 24.11) (Skin fibroblast elastase)","MME"
"cellcompartment"," early endosome ","GO:0005769","cellular compartment","A0A337SXF4","Neprilysin (EC 3.4.24.11) (Atriopeptidase) (Enkephalinase) (Neutral endopeptidase 24.11) (Skin fibroblast elastase)","MME"
"cellcompartment"," membrane raft ","GO:0045121","cellular compartment","A0A337SXF4","Neprilysin (EC 3.4.24.11) (Atriopeptidase) (Enkephalinase) (Neutral endopeptidase 24.11) (Skin fibroblast elastase)","MME"
"cellcompartment"," neuron projection terminus ","GO:0044306","cellular compartment","A0A337SXF4","Neprilysin (EC 3.4.24.11) (Atriopeptidase) (Enkephalinase) (Neutral endopeptidase 24.11) (Skin fibroblast elastase)","MME"
"cellcompartment"," neuronal cell body ","GO:0043025","cellular compartment","A0A337SXF4","Neprilysin (EC 3.4.24.11) (Atriopeptidase) (Enkephalinase) (Neutral endopeptidase 24.11) (Skin fibroblast elastase)","MME"
"cellcompartment"," plasma membrane ","GO:0005886","cellular compartment","A0A337SXF4","Neprilysin (EC 3.4.24.11) (Atriopeptidase) (Enkephalinase) (Neutral endopeptidase 24.11) (Skin fibroblast elastase)","MME"
"cellcompartment"," synaptic vesicle ","GO:0008021","cellular compartment","A0A337SXF4","Neprilysin (EC 3.4.24.11) (Atriopeptidase) (Enkephalinase) (Neutral endopeptidase 24.11) (Skin fibroblast elastase)","MME"
"cellcompartment"," trans-Golgi network ","GO:0005802","cellular compartment","A0A337SXF4","Neprilysin (EC 3.4.24.11) (Atriopeptidase) (Enkephalinase) (Neutral endopeptidase 24.11) (Skin fibroblast elastase)","MME"
"molfunction","cardiolipin binding ","GO:1901612","molecular function","A0A337SXF4","Neprilysin (EC 3.4.24.11) (Atriopeptidase) (Enkephalinase) (Neutral endopeptidase 24.11) (Skin fibroblast elastase)","MME"
"molfunction"," exopeptidase activity ","GO:0008238","molecular function","A0A337SXF4","Neprilysin (EC 3.4.24.11) (Atriopeptidase) (Enkephalinase) (Neutral endopeptidase 24.11) (Skin fibroblast elastase)","MME"
"molfunction"," metalloendopeptidase activity ","GO:0004222","molecular function","A0A337SXF4","Neprilysin (EC 3.4.24.11) (Atriopeptidase) (Enkephalinase) (Neutral endopeptidase 24.11) (Skin fibroblast elastase)","MME"
"molfunction"," phosphatidylserine binding ","GO:0001786","molecular function","A0A337SXF4","Neprilysin (EC 3.4.24.11) (Atriopeptidase) (Enkephalinase) (Neutral endopeptidase 24.11) (Skin fibroblast elastase)","MME"
"molfunction"," protein homodimerization activity ","GO:0042803","molecular function","A0A337SXF4","Neprilysin (EC 3.4.24.11) (Atriopeptidase) (Enkephalinase) (Neutral endopeptidase 24.11) (Skin fibroblast elastase)","MME"
"molfunction"," zinc ion binding ","GO:0008270","molecular function","A0A337SXF4","Neprilysin (EC 3.4.24.11) (Atriopeptidase) (Enkephalinase) (Neutral endopeptidase 24.11) (Skin fibroblast elastase)","MME"
"bioprocess","aorta development ","GO:0035904","biological process","M3VU38","Plexin D1","PLXND1"
"bioprocess"," branching involved in blood vessel morphogenesis ","GO:0001569","biological process","M3VU38","Plexin D1","PLXND1"
"bioprocess"," cardiac septum development ","GO:0003279","biological process","M3VU38","Plexin D1","PLXND1"
"bioprocess"," coronary vasculature development ","GO:0060976","biological process","M3VU38","Plexin D1","PLXND1"
"bioprocess"," dichotomous subdivision of terminal units involved in salivary gland branching ","GO:0060666","biological process","M3VU38","Plexin D1","PLXND1"
"bioprocess"," endothelial cell migration ","GO:0043542","biological process","M3VU38","Plexin D1","PLXND1"
"bioprocess"," kidney development ","GO:0001822","biological process","M3VU38","Plexin D1","PLXND1"
"bioprocess"," negative regulation of cell adhesion ","GO:0007162","biological process","M3VU38","Plexin D1","PLXND1"
"bioprocess"," negative regulation of neuron apoptotic process ","GO:0043524","biological process","M3VU38","Plexin D1","PLXND1"
"bioprocess"," outflow tract morphogenesis ","GO:0003151","biological process","M3VU38","Plexin D1","PLXND1"
"bioprocess"," positive regulation of axonogenesis ","GO:0050772","biological process","M3VU38","Plexin D1","PLXND1"
"bioprocess"," regulation of angiogenesis ","GO:0045765","biological process","M3VU38","Plexin D1","PLXND1"
"bioprocess"," regulation of cell migration ","GO:0030334","biological process","M3VU38","Plexin D1","PLXND1"
"bioprocess"," regulation of cell shape ","GO:0008360","biological process","M3VU38","Plexin D1","PLXND1"
"bioprocess"," synapse assembly ","GO:0007416","biological process","M3VU38","Plexin D1","PLXND1"
"bioprocess"," synaptic target recognition ","GO:0008039","biological process","M3VU38","Plexin D1","PLXND1"
"cellcompartment","axon ","GO:0030424","cellular compartment","M3VU38","Plexin D1","PLXND1"
"cellcompartment"," cell body ","GO:0044297","cellular compartment","M3VU38","Plexin D1","PLXND1"
"cellcompartment"," glutamatergic synapse ","GO:0098978","cellular compartment","M3VU38","Plexin D1","PLXND1"
"cellcompartment"," lamellipodium ","GO:0030027","cellular compartment","M3VU38","Plexin D1","PLXND1"
"cellcompartment"," plasma membrane ","GO:0005886","cellular compartment","M3VU38","Plexin D1","PLXND1"
"cellcompartment"," semaphorin receptor complex ","GO:0002116","cellular compartment","M3VU38","Plexin D1","PLXND1"
"molfunction","ATP binding ","GO:0005524","molecular function","M3VU38","Plexin D1","PLXND1"
"molfunction"," kinase activity ","GO:0016301","molecular function","M3VU38","Plexin D1","PLXND1"
"molfunction"," protein domain specific binding ","GO:0019904","molecular function","M3VU38","Plexin D1","PLXND1"
"molfunction"," semaphorin receptor activity ","GO:0017154","molecular function","M3VU38","Plexin D1","PLXND1"
"bioprocess","alpha-beta T cell lineage commitment ","GO:0002363","biological process","M3WU80","Transforming protein RhoA","RHOA"
"bioprocess"," androgen receptor signaling pathway ","GO:0030521","biological process","M3WU80","Transforming protein RhoA","RHOA"
"bioprocess"," angiotensin-mediated vasoconstriction involved in regulation of systemic arterial blood pressure ","GO:0001998","biological process","M3WU80","Transforming protein RhoA","RHOA"
"bioprocess"," aortic valve formation ","GO:0003189","biological process","M3WU80","Transforming protein RhoA","RHOA"
"bioprocess"," apical junction assembly ","GO:0043297","biological process","M3WU80","Transforming protein RhoA","RHOA"
"bioprocess"," apolipoprotein A-I-mediated signaling pathway ","GO:0038027","biological process","M3WU80","Transforming protein RhoA","RHOA"
"bioprocess"," beta selection ","GO:0043366","biological process","M3WU80","Transforming protein RhoA","RHOA"
"bioprocess"," bone trabecula morphogenesis ","GO:0061430","biological process","M3WU80","Transforming protein RhoA","RHOA"
"bioprocess"," cell migration ","GO:0016477","biological process","M3WU80","Transforming protein RhoA","RHOA"
"bioprocess"," cell morphogenesis ","GO:0000902","biological process","M3WU80","Transforming protein RhoA","RHOA"
"bioprocess"," cell-matrix adhesion ","GO:0007160","biological process","M3WU80","Transforming protein RhoA","RHOA"
"bioprocess"," cellular response to chemokine ","GO:1990869","biological process","M3WU80","Transforming protein RhoA","RHOA"
"bioprocess"," cellular response to lipopolysaccharide ","GO:0071222","biological process","M3WU80","Transforming protein RhoA","RHOA"
"bioprocess"," cerebral cortex cell migration ","GO:0021795","biological process","M3WU80","Transforming protein RhoA","RHOA"
"bioprocess"," cytoplasmic microtubule organization ","GO:0031122","biological process","M3WU80","Transforming protein RhoA","RHOA"
"bioprocess"," endothelial cell migration ","GO:0043542","biological process","M3WU80","Transforming protein RhoA","RHOA"
"bioprocess"," endothelial tube lumen extension ","GO:0097498","biological process","M3WU80","Transforming protein RhoA","RHOA"
"bioprocess"," establishment of epithelial cell apical/basal polarity ","GO:0045198","biological process","M3WU80","Transforming protein RhoA","RHOA"
"bioprocess"," forebrain radial glial cell differentiation ","GO:0021861","biological process","M3WU80","Transforming protein RhoA","RHOA"
"bioprocess"," kidney development ","GO:0001822","biological process","M3WU80","Transforming protein RhoA","RHOA"
"bioprocess"," mitotic cleavage furrow formation ","GO:1903673","biological process","M3WU80","Transforming protein RhoA","RHOA"
"bioprocess"," mitotic spindle assembly ","GO:0090307","biological process","M3WU80","Transforming protein RhoA","RHOA"
"bioprocess"," motor neuron apoptotic process ","GO:0097049","biological process","M3WU80","Transforming protein RhoA","RHOA"
"bioprocess"," negative chemotaxis ","GO:0050919","biological process","M3WU80","Transforming protein RhoA","RHOA"
"bioprocess"," negative regulation of cell migration involved in sprouting angiogenesis ","GO:0090051","biological process","M3WU80","Transforming protein RhoA","RHOA"
"bioprocess"," negative regulation of cell size ","GO:0045792","biological process","M3WU80","Transforming protein RhoA","RHOA"
"bioprocess"," negative regulation of cell-substrate adhesion ","GO:0010812","biological process","M3WU80","Transforming protein RhoA","RHOA"
"bioprocess"," negative regulation of intracellular steroid hormone receptor signaling pathway ","GO:0033144","biological process","M3WU80","Transforming protein RhoA","RHOA"
"bioprocess"," negative regulation of motor neuron apoptotic process ","GO:2000672","biological process","M3WU80","Transforming protein RhoA","RHOA"
"bioprocess"," negative regulation of oxidative phosphorylation ","GO:0090324","biological process","M3WU80","Transforming protein RhoA","RHOA"
"bioprocess"," negative regulation of reactive oxygen species biosynthetic process ","GO:1903427","biological process","M3WU80","Transforming protein RhoA","RHOA"
"bioprocess"," neuron migration ","GO:0001764","biological process","M3WU80","Transforming protein RhoA","RHOA"
"bioprocess"," odontogenesis ","GO:0042476","biological process","M3WU80","Transforming protein RhoA","RHOA"
"bioprocess"," ossification involved in bone maturation ","GO:0043931","biological process","M3WU80","Transforming protein RhoA","RHOA"
"bioprocess"," positive regulation of alpha-beta T cell differentiation ","GO:0046638","biological process","M3WU80","Transforming protein RhoA","RHOA"
"bioprocess"," positive regulation of canonical NF-kappaB signal transduction ","GO:0043123","biological process","M3WU80","Transforming protein RhoA","RHOA"
"bioprocess"," positive regulation of cytokinesis ","GO:0032467","biological process","M3WU80","Transforming protein RhoA","RHOA"
"bioprocess"," positive regulation of leukocyte adhesion to vascular endothelial cell ","GO:1904996","biological process","M3WU80","Transforming protein RhoA","RHOA"
"bioprocess"," positive regulation of neuron differentiation ","GO:0045666","biological process","M3WU80","Transforming protein RhoA","RHOA"
"bioprocess"," positive regulation of podosome assembly ","GO:0071803","biological process","M3WU80","Transforming protein RhoA","RHOA"
"bioprocess"," positive regulation of stress fiber assembly ","GO:0051496","biological process","M3WU80","Transforming protein RhoA","RHOA"
"bioprocess"," positive regulation of T cell migration ","GO:2000406","biological process","M3WU80","Transforming protein RhoA","RHOA"
"bioprocess"," positive regulation of vascular associated smooth muscle contraction ","GO:1904695","biological process","M3WU80","Transforming protein RhoA","RHOA"
"bioprocess"," regulation of actin cytoskeleton organization ","GO:0032956","biological process","M3WU80","Transforming protein RhoA","RHOA"
"bioprocess"," regulation of microtubule cytoskeleton organization ","GO:0070507","biological process","M3WU80","Transforming protein RhoA","RHOA"
"bioprocess"," regulation of modification of postsynaptic actin cytoskeleton ","GO:1905274","biological process","M3WU80","Transforming protein RhoA","RHOA"
"bioprocess"," regulation of neural precursor cell proliferation ","GO:2000177","biological process","M3WU80","Transforming protein RhoA","RHOA"
"bioprocess"," regulation of neuron projection development ","GO:0010975","biological process","M3WU80","Transforming protein RhoA","RHOA"
"bioprocess"," regulation of osteoblast proliferation ","GO:0033688","biological process","M3WU80","Transforming protein RhoA","RHOA"
"bioprocess"," regulation of systemic arterial blood pressure by endothelin ","GO:0003100","biological process","M3WU80","Transforming protein RhoA","RHOA"
"bioprocess"," regulation of transcription by RNA polymerase II ","GO:0006357","biological process","M3WU80","Transforming protein RhoA","RHOA"
"bioprocess"," Rho protein signal transduction ","GO:0007266","biological process","M3WU80","Transforming protein RhoA","RHOA"
"bioprocess"," Roundabout signaling pathway ","GO:0035385","biological process","M3WU80","Transforming protein RhoA","RHOA"
"bioprocess"," semaphorin-plexin signaling pathway ","GO:0071526","biological process","M3WU80","Transforming protein RhoA","RHOA"
"bioprocess"," skeletal muscle satellite cell migration ","GO:1902766","biological process","M3WU80","Transforming protein RhoA","RHOA"
"bioprocess"," skeletal muscle tissue development ","GO:0007519","biological process","M3WU80","Transforming protein RhoA","RHOA"
"bioprocess"," stress fiber assembly ","GO:0043149","biological process","M3WU80","Transforming protein RhoA","RHOA"
"bioprocess"," substrate adhesion-dependent cell spreading ","GO:0034446","biological process","M3WU80","Transforming protein RhoA","RHOA"
"bioprocess"," wound healing, spreading of cells ","GO:0044319","biological process","M3WU80","Transforming protein RhoA","RHOA"
"cellcompartment","apical junction complex ","GO:0043296","cellular compartment","M3WU80","Transforming protein RhoA","RHOA"
"cellcompartment"," cell cortex ","GO:0005938","cellular compartment","M3WU80","Transforming protein RhoA","RHOA"
"cellcompartment"," cleavage furrow ","GO:0032154","cellular compartment","M3WU80","Transforming protein RhoA","RHOA"
"cellcompartment"," cytoplasmic side of plasma membrane ","GO:0009898","cellular compartment","M3WU80","Transforming protein RhoA","RHOA"
"cellcompartment"," cytosol ","GO:0005829","cellular compartment","M3WU80","Transforming protein RhoA","RHOA"
"cellcompartment"," dendritic spine ","GO:0043197","cellular compartment","M3WU80","Transforming protein RhoA","RHOA"
"cellcompartment"," endosome ","GO:0005768","cellular compartment","M3WU80","Transforming protein RhoA","RHOA"
"cellcompartment"," glutamatergic synapse ","GO:0098978","cellular compartment","M3WU80","Transforming protein RhoA","RHOA"
"cellcompartment"," lamellipodium ","GO:0030027","cellular compartment","M3WU80","Transforming protein RhoA","RHOA"
"cellcompartment"," nucleus ","GO:0005634","cellular compartment","M3WU80","Transforming protein RhoA","RHOA"
"cellcompartment"," plasma membrane ","GO:0005886","cellular compartment","M3WU80","Transforming protein RhoA","RHOA"
"cellcompartment"," ruffle membrane ","GO:0032587","cellular compartment","M3WU80","Transforming protein RhoA","RHOA"
"molfunction","GTP binding ","GO:0005525","molecular function","M3WU80","Transforming protein RhoA","RHOA"
"molfunction"," GTPase activity ","GO:0003924","molecular function","M3WU80","Transforming protein RhoA","RHOA"
"molfunction"," myosin binding ","GO:0017022","molecular function","M3WU80","Transforming protein RhoA","RHOA"
"molfunction"," protein kinase binding ","GO:0019901","molecular function","M3WU80","Transforming protein RhoA","RHOA"
"bioprocess","activin receptor signaling pathway ","GO:0032924","biological process","A0A337SBT0","TGF-beta receptor type-1 (EC 2.7.11.30) (Transforming growth factor-beta receptor type I)","TGFBR1"
"bioprocess"," angiogenesis involved in coronary vascular morphogenesis ","GO:0060978","biological process","A0A337SBT0","TGF-beta receptor type-1 (EC 2.7.11.30) (Transforming growth factor-beta receptor type I)","TGFBR1"
"bioprocess"," anterior/posterior pattern specification ","GO:0009952","biological process","A0A337SBT0","TGF-beta receptor type-1 (EC 2.7.11.30) (Transforming growth factor-beta receptor type I)","TGFBR1"
"bioprocess"," apoptotic process ","GO:0006915","biological process","A0A337SBT0","TGF-beta receptor type-1 (EC 2.7.11.30) (Transforming growth factor-beta receptor type I)","TGFBR1"
"bioprocess"," blastocyst development ","GO:0001824","biological process","A0A337SBT0","TGF-beta receptor type-1 (EC 2.7.11.30) (Transforming growth factor-beta receptor type I)","TGFBR1"
"bioprocess"," cellular response to growth factor stimulus ","GO:0071363","biological process","A0A337SBT0","TGF-beta receptor type-1 (EC 2.7.11.30) (Transforming growth factor-beta receptor type I)","TGFBR1"
"bioprocess"," collagen fibril organization ","GO:0030199","biological process","A0A337SBT0","TGF-beta receptor type-1 (EC 2.7.11.30) (Transforming growth factor-beta receptor type I)","TGFBR1"
"bioprocess"," coronary artery morphogenesis ","GO:0060982","biological process","A0A337SBT0","TGF-beta receptor type-1 (EC 2.7.11.30) (Transforming growth factor-beta receptor type I)","TGFBR1"
"bioprocess"," embryonic cranial skeleton morphogenesis ","GO:0048701","biological process","A0A337SBT0","TGF-beta receptor type-1 (EC 2.7.11.30) (Transforming growth factor-beta receptor type I)","TGFBR1"
"bioprocess"," endothelial cell migration ","GO:0043542","biological process","A0A337SBT0","TGF-beta receptor type-1 (EC 2.7.11.30) (Transforming growth factor-beta receptor type I)","TGFBR1"
"bioprocess"," endothelial cell proliferation ","GO:0001935","biological process","A0A337SBT0","TGF-beta receptor type-1 (EC 2.7.11.30) (Transforming growth factor-beta receptor type I)","TGFBR1"
"bioprocess"," epicardium morphogenesis ","GO:1905223","biological process","A0A337SBT0","TGF-beta receptor type-1 (EC 2.7.11.30) (Transforming growth factor-beta receptor type I)","TGFBR1"
"bioprocess"," epithelial to mesenchymal transition ","GO:0001837","biological process","A0A337SBT0","TGF-beta receptor type-1 (EC 2.7.11.30) (Transforming growth factor-beta receptor type I)","TGFBR1"
"bioprocess"," filopodium assembly ","GO:0046847","biological process","A0A337SBT0","TGF-beta receptor type-1 (EC 2.7.11.30) (Transforming growth factor-beta receptor type I)","TGFBR1"
"bioprocess"," germ cell migration ","GO:0008354","biological process","A0A337SBT0","TGF-beta receptor type-1 (EC 2.7.11.30) (Transforming growth factor-beta receptor type I)","TGFBR1"
"bioprocess"," heart development ","GO:0007507","biological process","A0A337SBT0","TGF-beta receptor type-1 (EC 2.7.11.30) (Transforming growth factor-beta receptor type I)","TGFBR1"
"bioprocess"," kidney development ","GO:0001822","biological process","A0A337SBT0","TGF-beta receptor type-1 (EC 2.7.11.30) (Transforming growth factor-beta receptor type I)","TGFBR1"
"bioprocess"," lens development in camera-type eye ","GO:0002088","biological process","A0A337SBT0","TGF-beta receptor type-1 (EC 2.7.11.30) (Transforming growth factor-beta receptor type I)","TGFBR1"
"bioprocess"," male gonad development ","GO:0008584","biological process","A0A337SBT0","TGF-beta receptor type-1 (EC 2.7.11.30) (Transforming growth factor-beta receptor type I)","TGFBR1"
"bioprocess"," myofibroblast differentiation ","GO:0036446","biological process","A0A337SBT0","TGF-beta receptor type-1 (EC 2.7.11.30) (Transforming growth factor-beta receptor type I)","TGFBR1"
"bioprocess"," negative regulation of cell migration ","GO:0030336","biological process","A0A337SBT0","TGF-beta receptor type-1 (EC 2.7.11.30) (Transforming growth factor-beta receptor type I)","TGFBR1"
"bioprocess"," negative regulation of chondrocyte differentiation ","GO:0032331","biological process","A0A337SBT0","TGF-beta receptor type-1 (EC 2.7.11.30) (Transforming growth factor-beta receptor type I)","TGFBR1"
"bioprocess"," negative regulation of endothelial cell proliferation ","GO:0001937","biological process","A0A337SBT0","TGF-beta receptor type-1 (EC 2.7.11.30) (Transforming growth factor-beta receptor type I)","TGFBR1"
"bioprocess"," negative regulation of extrinsic apoptotic signaling pathway ","GO:2001237","biological process","A0A337SBT0","TGF-beta receptor type-1 (EC 2.7.11.30) (Transforming growth factor-beta receptor type I)","TGFBR1"
"bioprocess"," nervous system development ","GO:0007399","biological process","A0A337SBT0","TGF-beta receptor type-1 (EC 2.7.11.30) (Transforming growth factor-beta receptor type I)","TGFBR1"
"bioprocess"," neuron fate commitment ","GO:0048663","biological process","A0A337SBT0","TGF-beta receptor type-1 (EC 2.7.11.30) (Transforming growth factor-beta receptor type I)","TGFBR1"
"bioprocess"," parathyroid gland development ","GO:0060017","biological process","A0A337SBT0","TGF-beta receptor type-1 (EC 2.7.11.30) (Transforming growth factor-beta receptor type I)","TGFBR1"
"bioprocess"," pharyngeal system development ","GO:0060037","biological process","A0A337SBT0","TGF-beta receptor type-1 (EC 2.7.11.30) (Transforming growth factor-beta receptor type I)","TGFBR1"
"bioprocess"," positive regulation of apoptotic signaling pathway ","GO:2001235","biological process","A0A337SBT0","TGF-beta receptor type-1 (EC 2.7.11.30) (Transforming growth factor-beta receptor type I)","TGFBR1"
"bioprocess"," positive regulation of cell growth ","GO:0030307","biological process","A0A337SBT0","TGF-beta receptor type-1 (EC 2.7.11.30) (Transforming growth factor-beta receptor type I)","TGFBR1"
"bioprocess"," positive regulation of cell migration ","GO:0030335","biological process","A0A337SBT0","TGF-beta receptor type-1 (EC 2.7.11.30) (Transforming growth factor-beta receptor type I)","TGFBR1"
"bioprocess"," positive regulation of DNA-templated transcription ","GO:0045893","biological process","A0A337SBT0","TGF-beta receptor type-1 (EC 2.7.11.30) (Transforming growth factor-beta receptor type I)","TGFBR1"
"bioprocess"," positive regulation of epithelial to mesenchymal transition involved in endocardial cushion formation ","GO:1905007","biological process","A0A337SBT0","TGF-beta receptor type-1 (EC 2.7.11.30) (Transforming growth factor-beta receptor type I)","TGFBR1"
"bioprocess"," positive regulation of extracellular matrix assembly ","GO:1901203","biological process","A0A337SBT0","TGF-beta receptor type-1 (EC 2.7.11.30) (Transforming growth factor-beta receptor type I)","TGFBR1"
"bioprocess"," positive regulation of filopodium assembly ","GO:0051491","biological process","A0A337SBT0","TGF-beta receptor type-1 (EC 2.7.11.30) (Transforming growth factor-beta receptor type I)","TGFBR1"
"bioprocess"," positive regulation of gene expression ","GO:0010628","biological process","A0A337SBT0","TGF-beta receptor type-1 (EC 2.7.11.30) (Transforming growth factor-beta receptor type I)","TGFBR1"
"bioprocess"," positive regulation of mesenchymal stem cell proliferation ","GO:1902462","biological process","A0A337SBT0","TGF-beta receptor type-1 (EC 2.7.11.30) (Transforming growth factor-beta receptor type I)","TGFBR1"
"bioprocess"," positive regulation of phosphatidylinositol 3-kinase/protein kinase B signal transduction ","GO:0051897","biological process","A0A337SBT0","TGF-beta receptor type-1 (EC 2.7.11.30) (Transforming growth factor-beta receptor type I)","TGFBR1"
"bioprocess"," positive regulation of SMAD protein signal transduction ","GO:0060391","biological process","A0A337SBT0","TGF-beta receptor type-1 (EC 2.7.11.30) (Transforming growth factor-beta receptor type I)","TGFBR1"
"bioprocess"," positive regulation of stress fiber assembly ","GO:0051496","biological process","A0A337SBT0","TGF-beta receptor type-1 (EC 2.7.11.30) (Transforming growth factor-beta receptor type I)","TGFBR1"
"bioprocess"," positive regulation of tight junction disassembly ","GO:1905075","biological process","A0A337SBT0","TGF-beta receptor type-1 (EC 2.7.11.30) (Transforming growth factor-beta receptor type I)","TGFBR1"
"bioprocess"," positive regulation of vasculature development ","GO:1904018","biological process","A0A337SBT0","TGF-beta receptor type-1 (EC 2.7.11.30) (Transforming growth factor-beta receptor type I)","TGFBR1"
"bioprocess"," post-embryonic development ","GO:0009791","biological process","A0A337SBT0","TGF-beta receptor type-1 (EC 2.7.11.30) (Transforming growth factor-beta receptor type I)","TGFBR1"
"bioprocess"," regulation of cardiac muscle cell proliferation ","GO:0060043","biological process","A0A337SBT0","TGF-beta receptor type-1 (EC 2.7.11.30) (Transforming growth factor-beta receptor type I)","TGFBR1"
"bioprocess"," regulation of protein ubiquitination ","GO:0031396","biological process","A0A337SBT0","TGF-beta receptor type-1 (EC 2.7.11.30) (Transforming growth factor-beta receptor type I)","TGFBR1"
"bioprocess"," response to cholesterol ","GO:0070723","biological process","A0A337SBT0","TGF-beta receptor type-1 (EC 2.7.11.30) (Transforming growth factor-beta receptor type I)","TGFBR1"
"bioprocess"," roof of mouth development ","GO:0060021","biological process","A0A337SBT0","TGF-beta receptor type-1 (EC 2.7.11.30) (Transforming growth factor-beta receptor type I)","TGFBR1"
"bioprocess"," thymus development ","GO:0048538","biological process","A0A337SBT0","TGF-beta receptor type-1 (EC 2.7.11.30) (Transforming growth factor-beta receptor type I)","TGFBR1"
"bioprocess"," transforming growth factor beta receptor signaling pathway ","GO:0007179","biological process","A0A337SBT0","TGF-beta receptor type-1 (EC 2.7.11.30) (Transforming growth factor-beta receptor type I)","TGFBR1"
"bioprocess"," ventricular compact myocardium morphogenesis ","GO:0003223","biological process","A0A337SBT0","TGF-beta receptor type-1 (EC 2.7.11.30) (Transforming growth factor-beta receptor type I)","TGFBR1"
"bioprocess"," ventricular septum morphogenesis ","GO:0060412","biological process","A0A337SBT0","TGF-beta receptor type-1 (EC 2.7.11.30) (Transforming growth factor-beta receptor type I)","TGFBR1"
"bioprocess"," ventricular trabecula myocardium morphogenesis ","GO:0003222","biological process","A0A337SBT0","TGF-beta receptor type-1 (EC 2.7.11.30) (Transforming growth factor-beta receptor type I)","TGFBR1"
"cellcompartment","activin receptor complex ","GO:0048179","cellular compartment","A0A337SBT0","TGF-beta receptor type-1 (EC 2.7.11.30) (Transforming growth factor-beta receptor type I)","TGFBR1"
"cellcompartment"," bicellular tight junction ","GO:0005923","cellular compartment","A0A337SBT0","TGF-beta receptor type-1 (EC 2.7.11.30) (Transforming growth factor-beta receptor type I)","TGFBR1"
"cellcompartment"," cell surface ","GO:0009986","cellular compartment","A0A337SBT0","TGF-beta receptor type-1 (EC 2.7.11.30) (Transforming growth factor-beta receptor type I)","TGFBR1"
"cellcompartment"," endosome ","GO:0005768","cellular compartment","A0A337SBT0","TGF-beta receptor type-1 (EC 2.7.11.30) (Transforming growth factor-beta receptor type I)","TGFBR1"
"cellcompartment"," membrane raft ","GO:0045121","cellular compartment","A0A337SBT0","TGF-beta receptor type-1 (EC 2.7.11.30) (Transforming growth factor-beta receptor type I)","TGFBR1"
"cellcompartment"," nucleus ","GO:0005634","cellular compartment","A0A337SBT0","TGF-beta receptor type-1 (EC 2.7.11.30) (Transforming growth factor-beta receptor type I)","TGFBR1"
"cellcompartment"," plasma membrane ","GO:0005886","cellular compartment","A0A337SBT0","TGF-beta receptor type-1 (EC 2.7.11.30) (Transforming growth factor-beta receptor type I)","TGFBR1"
"cellcompartment"," transforming growth factor beta ligand-receptor complex ","GO:0070021","cellular compartment","A0A337SBT0","TGF-beta receptor type-1 (EC 2.7.11.30) (Transforming growth factor-beta receptor type I)","TGFBR1"
"molfunction","activin binding ","GO:0048185","molecular function","A0A337SBT0","TGF-beta receptor type-1 (EC 2.7.11.30) (Transforming growth factor-beta receptor type I)","TGFBR1"
"molfunction"," activin receptor activity, type I ","GO:0016361","molecular function","A0A337SBT0","TGF-beta receptor type-1 (EC 2.7.11.30) (Transforming growth factor-beta receptor type I)","TGFBR1"
"molfunction"," ATP binding ","GO:0005524","molecular function","A0A337SBT0","TGF-beta receptor type-1 (EC 2.7.11.30) (Transforming growth factor-beta receptor type I)","TGFBR1"
"molfunction"," I-SMAD binding ","GO:0070411","molecular function","A0A337SBT0","TGF-beta receptor type-1 (EC 2.7.11.30) (Transforming growth factor-beta receptor type I)","TGFBR1"
"molfunction"," SMAD binding ","GO:0046332","molecular function","A0A337SBT0","TGF-beta receptor type-1 (EC 2.7.11.30) (Transforming growth factor-beta receptor type I)","TGFBR1"
"molfunction"," transforming growth factor beta binding ","GO:0050431","molecular function","A0A337SBT0","TGF-beta receptor type-1 (EC 2.7.11.30) (Transforming growth factor-beta receptor type I)","TGFBR1"
"molfunction"," transforming growth factor beta receptor activity, type I ","GO:0005025","molecular function","A0A337SBT0","TGF-beta receptor type-1 (EC 2.7.11.30) (Transforming growth factor-beta receptor type I)","TGFBR1"
"molfunction"," type II transforming growth factor beta receptor binding ","GO:0005114","molecular function","A0A337SBT0","TGF-beta receptor type-1 (EC 2.7.11.30) (Transforming growth factor-beta receptor type I)","TGFBR1"
"molfunction"," ubiquitin protein ligase binding ","GO:0031625","molecular function","A0A337SBT0","TGF-beta receptor type-1 (EC 2.7.11.30) (Transforming growth factor-beta receptor type I)","TGFBR1"
"bioprocess","cell morphogenesis ","GO:0000902","biological process","A0A5F5XVJ0","Uroplakin 3A","UPK3A"
"bioprocess"," epithelial cell differentiation ","GO:0030855","biological process","A0A5F5XVJ0","Uroplakin 3A","UPK3A"
"bioprocess"," kidney development ","GO:0001822","biological process","A0A5F5XVJ0","Uroplakin 3A","UPK3A"
"bioprocess"," potassium ion homeostasis ","GO:0055075","biological process","A0A5F5XVJ0","Uroplakin 3A","UPK3A"
"bioprocess"," sodium ion homeostasis ","GO:0055078","biological process","A0A5F5XVJ0","Uroplakin 3A","UPK3A"
"bioprocess"," urea transport ","GO:0015840","biological process","A0A5F5XVJ0","Uroplakin 3A","UPK3A"
"bioprocess"," urinary bladder development ","GO:0060157","biological process","A0A5F5XVJ0","Uroplakin 3A","UPK3A"
"bioprocess"," water transport ","GO:0006833","biological process","A0A5F5XVJ0","Uroplakin 3A","UPK3A"
"cellcompartment","apical plasma membrane urothelial plaque ","GO:0120001","cellular compartment","A0A5F5XVJ0","Uroplakin 3A","UPK3A"
"cellcompartment"," plasma membrane ","GO:0005886","cellular compartment","A0A5F5XVJ0","Uroplakin 3A","UPK3A"
